model,algo,config,config_detail,quant_duration,model_storage_size,load_mem_allot,load_mem_reserved,ppl_mem_allot,ppl_mem_reserved,leaderboard_mem_allot,leaderboard_mem_reserved,ppl_wikitext,ppl_c4,duration_wikitext,duration_c4
Qwen3.5-9B,hqq,b4g128,"{'weight_quant_params': {'nbits': 4, 'channel_wise': True, 'group_size': 128, 'optimize': True, 'round_zero': True, 'axis': 1, 'view_as_float': False}, 'scale_quant_params': {'nbits': 8, 'channel_wise': True, 'group_size': 128, 'optimize': False}, 'zero_quant_params': None, 'offload_meta': False, 'mixed': False, 'budget': 4.0}",20.406242847442627,0,0,0,0,0,0,0,0,0,0,0
Qwen3.5-4B,hqq,b3g64,"{'weight_quant_params': {'nbits': 3, 'channel_wise': True, 'group_size': 64, 'optimize': True, 'round_zero': False, 'axis': 1, 'view_as_float': False}, 'scale_quant_params': {'nbits': 8, 'channel_wise': True, 'group_size': 128, 'optimize': False}, 'zero_quant_params': None, 'offload_meta': False, 'mixed': False, 'budget': 4.0}",10.110746383666992,0,0,0,0,0,0,0,0,0,0,0
Qwen3.5-2B,hqq,b8g128,"{'weight_quant_params': {'nbits': 8, 'channel_wise': True, 'group_size': 128, 'optimize': True, 'round_zero': False, 'axis': 1, 'view_as_float': False}, 'scale_quant_params': {'nbits': 8, 'channel_wise': True, 'group_size': 128, 'optimize': False}, 'zero_quant_params': None, 'offload_meta': False, 'mixed': False, 'budget': 4.0}",2.681431293487549,0,0,0,0,0,0,0,0,0,0,0
Qwen3.5-2B,hqq,b4g128,"{'weight_quant_params': {'nbits': 4, 'channel_wise': True, 'group_size': 128, 'optimize': True, 'round_zero': True, 'axis': 1, 'view_as_float': False}, 'scale_quant_params': {'nbits': 8, 'channel_wise': True, 'group_size': 128, 'optimize': False}, 'zero_quant_params': None, 'offload_meta': False, 'mixed': False, 'budget': 4.0}",3.1195828914642334,0,0,0,0,0,0,0,0,0,0,0
Qwen3.5-2B,hqq,b2g64,"{'weight_quant_params': {'nbits': 2, 'channel_wise': True, 'group_size': 64, 'optimize': True, 'round_zero': False, 'axis': 1, 'view_as_float': False}, 'scale_quant_params': {'nbits': 8, 'channel_wise': True, 'group_size': 128, 'optimize': False}, 'zero_quant_params': None, 'offload_meta': False, 'mixed': False, 'budget': 4.0}",3.108539342880249,0,0,0,0,0,0,0,0,0,0,0
Qwen3.5-2B,hqq,b8g32,"{'weight_quant_params': {'nbits': 8, 'channel_wise': True, 'group_size': 32, 'optimize': True, 'round_zero': False, 'axis': 1, 'view_as_float': False}, 'scale_quant_params': {'nbits': 8, 'channel_wise': True, 'group_size': 128, 'optimize': False}, 'zero_quant_params': None, 'offload_meta': False, 'mixed': False, 'budget': 4.0}",2.9126694202423096,0,0,0,0,0,0,0,0,0,0,0
Qwen3.5-9B,hqq,b8g64,"{'weight_quant_params': {'nbits': 8, 'channel_wise': True, 'group_size': 64, 'optimize': True, 'round_zero': False, 'axis': 1, 'view_as_float': False}, 'scale_quant_params': {'nbits': 8, 'channel_wise': True, 'group_size': 128, 'optimize': False}, 'zero_quant_params': None, 'offload_meta': False, 'mixed': False, 'budget': 4.0}",18.58454728126526,0,0,0,0,0,0,0,0,0,0,0
Qwen3.5-9B,hqq,b4g64,"{'weight_quant_params': {'nbits': 4, 'channel_wise': True, 'group_size': 64, 'optimize': True, 'round_zero': True, 'axis': 1, 'view_as_float': False}, 'scale_quant_params': {'nbits': 8, 'channel_wise': True, 'group_size': 128, 'optimize': False}, 'zero_quant_params': None, 'offload_meta': False, 'mixed': False, 'budget': 4.0}",19.95913004875183,0,0,0,0,0,0,0,0,0,0,0
Qwen3.5-9B,hqq,b2g64,"{'weight_quant_params': {'nbits': 2, 'channel_wise': True, 'group_size': 64, 'optimize': True, 'round_zero': False, 'axis': 1, 'view_as_float': False}, 'scale_quant_params': {'nbits': 8, 'channel_wise': True, 'group_size': 128, 'optimize': False}, 'zero_quant_params': None, 'offload_meta': False, 'mixed': False, 'budget': 4.0}",19.05396413803101,0,0,0,0,0,0,0,0,0,0,0
Qwen3.5-2B,hqq,b3g64,"{'weight_quant_params': {'nbits': 3, 'channel_wise': True, 'group_size': 64, 'optimize': True, 'round_zero': False, 'axis': 1, 'view_as_float': False}, 'scale_quant_params': {'nbits': 8, 'channel_wise': True, 'group_size': 128, 'optimize': False}, 'zero_quant_params': None, 'offload_meta': False, 'mixed': False, 'budget': 4.0}",3.305943727493286,0,0,0,0,0,0,0,0,0,0,0
Qwen3.5-2B,hqq,b2g16,"{'weight_quant_params': {'nbits': 2, 'channel_wise': True, 'group_size': 16, 'optimize': True, 'round_zero': False, 'axis': 1, 'view_as_float': False}, 'scale_quant_params': {'nbits': 8, 'channel_wise': True, 'group_size': 128, 'optimize': False}, 'zero_quant_params': None, 'offload_meta': False, 'mixed': False, 'budget': 4.0}",3.2044620513916016,0,0,0,0,0,0,0,0,0,0,0
Qwen3.5-9B,hqq,b3g32,"{'weight_quant_params': {'nbits': 3, 'channel_wise': True, 'group_size': 32, 'optimize': True, 'round_zero': False, 'axis': 1, 'view_as_float': False}, 'scale_quant_params': {'nbits': 8, 'channel_wise': True, 'group_size': 128, 'optimize': False}, 'zero_quant_params': None, 'offload_meta': False, 'mixed': False, 'budget': 4.0}",21.77856707572937,0,0,0,0,0,0,0,0,0,0,0
Qwen3.5-4B,hqq,b2g64,"{'weight_quant_params': {'nbits': 2, 'channel_wise': True, 'group_size': 64, 'optimize': True, 'round_zero': False, 'axis': 1, 'view_as_float': False}, 'scale_quant_params': {'nbits': 8, 'channel_wise': True, 'group_size': 128, 'optimize': False}, 'zero_quant_params': None, 'offload_meta': False, 'mixed': False, 'budget': 4.0}",8.68039846420288,0,0,0,0,0,0,0,0,0,0,0
Qwen3.5-4B,hqq,b4g128,"{'weight_quant_params': {'nbits': 4, 'channel_wise': True, 'group_size': 128, 'optimize': True, 'round_zero': True, 'axis': 1, 'view_as_float': False}, 'scale_quant_params': {'nbits': 8, 'channel_wise': True, 'group_size': 128, 'optimize': False}, 'zero_quant_params': None, 'offload_meta': False, 'mixed': False, 'budget': 4.0}",9.779460668563845,0,0,0,0,0,0,0,0,0,0,0
Qwen3.5-4B,hqq,b3g32,"{'weight_quant_params': {'nbits': 3, 'channel_wise': True, 'group_size': 32, 'optimize': True, 'round_zero': False, 'axis': 1, 'view_as_float': False}, 'scale_quant_params': {'nbits': 8, 'channel_wise': True, 'group_size': 128, 'optimize': False}, 'zero_quant_params': None, 'offload_meta': False, 'mixed': False, 'budget': 4.0}",9.729926824569702,0,0,0,0,0,0,0,0,0,0,0
Qwen3.5-2B,hqq,b4g64,"{'weight_quant_params': {'nbits': 4, 'channel_wise': True, 'group_size': 64, 'optimize': True, 'round_zero': True, 'axis': 1, 'view_as_float': False}, 'scale_quant_params': {'nbits': 8, 'channel_wise': True, 'group_size': 128, 'optimize': False}, 'zero_quant_params': None, 'offload_meta': False, 'mixed': False, 'budget': 4.0}",3.259502410888672,0,0,0,0,0,0,0,0,0,0,0
Qwen3.5-9B,hqq,b3g128,"{'weight_quant_params': {'nbits': 3, 'channel_wise': True, 'group_size': 128, 'optimize': True, 'round_zero': False, 'axis': 1, 'view_as_float': False}, 'scale_quant_params': {'nbits': 8, 'channel_wise': True, 'group_size': 128, 'optimize': False}, 'zero_quant_params': None, 'offload_meta': False, 'mixed': False, 'budget': 4.0}",23.26959872245789,0,0,0,0,0,0,0,0,0,0,0
Qwen3.5-4B,hqq,b8g32,"{'weight_quant_params': {'nbits': 8, 'channel_wise': True, 'group_size': 32, 'optimize': True, 'round_zero': False, 'axis': 1, 'view_as_float': False}, 'scale_quant_params': {'nbits': 8, 'channel_wise': True, 'group_size': 128, 'optimize': False}, 'zero_quant_params': None, 'offload_meta': False, 'mixed': False, 'budget': 4.0}",7.975534915924072,0,0,0,0,0,0,0,0,0,0,0
Qwen3.5-9B,hqq,b3g64,"{'weight_quant_params': {'nbits': 3, 'channel_wise': True, 'group_size': 64, 'optimize': True, 'round_zero': False, 'axis': 1, 'view_as_float': False}, 'scale_quant_params': {'nbits': 8, 'channel_wise': True, 'group_size': 128, 'optimize': False}, 'zero_quant_params': None, 'offload_meta': False, 'mixed': False, 'budget': 4.0}",21.89649534225464,0,0,0,0,0,0,0,0,0,0,0
Qwen3.5-9B,hqq,b8g32,"{'weight_quant_params': {'nbits': 8, 'channel_wise': True, 'group_size': 32, 'optimize': True, 'round_zero': False, 'axis': 1, 'view_as_float': False}, 'scale_quant_params': {'nbits': 8, 'channel_wise': True, 'group_size': 128, 'optimize': False}, 'zero_quant_params': None, 'offload_meta': False, 'mixed': False, 'budget': 4.0}",16.984254121780396,0,0,0,0,0,0,0,0,0,0,0
Qwen3.5-2B,hqq,b4g32,"{'weight_quant_params': {'nbits': 4, 'channel_wise': True, 'group_size': 32, 'optimize': True, 'round_zero': True, 'axis': 1, 'view_as_float': False}, 'scale_quant_params': {'nbits': 8, 'channel_wise': True, 'group_size': 128, 'optimize': False}, 'zero_quant_params': None, 'offload_meta': False, 'mixed': False, 'budget': 4.0}",3.1990320682525635,0,0,0,0,0,0,0,0,0,0,0
Qwen3.5-4B,hqq,b8g64,"{'weight_quant_params': {'nbits': 8, 'channel_wise': True, 'group_size': 64, 'optimize': True, 'round_zero': False, 'axis': 1, 'view_as_float': False}, 'scale_quant_params': {'nbits': 8, 'channel_wise': True, 'group_size': 128, 'optimize': False}, 'zero_quant_params': None, 'offload_meta': False, 'mixed': False, 'budget': 4.0}",8.434076309204102,0,0,0,0,0,0,0,0,0,0,0
Qwen3.5-4B,hqq,b3g128,"{'weight_quant_params': {'nbits': 3, 'channel_wise': True, 'group_size': 128, 'optimize': True, 'round_zero': False, 'axis': 1, 'view_as_float': False}, 'scale_quant_params': {'nbits': 8, 'channel_wise': True, 'group_size': 128, 'optimize': False}, 'zero_quant_params': None, 'offload_meta': False, 'mixed': False, 'budget': 4.0}",9.647890329360962,0,0,0,0,0,0,0,0,0,0,0
Qwen3.5-2B,hqq,b2g32,"{'weight_quant_params': {'nbits': 2, 'channel_wise': True, 'group_size': 32, 'optimize': True, 'round_zero': False, 'axis': 1, 'view_as_float': False}, 'scale_quant_params': {'nbits': 8, 'channel_wise': True, 'group_size': 128, 'optimize': False}, 'zero_quant_params': None, 'offload_meta': False, 'mixed': False, 'budget': 4.0}",3.3378498554229736,0,0,0,0,0,0,0,0,0,0,0
Qwen3.5-4B,hqq,b8g128,"{'weight_quant_params': {'nbits': 8, 'channel_wise': True, 'group_size': 128, 'optimize': True, 'round_zero': False, 'axis': 1, 'view_as_float': False}, 'scale_quant_params': {'nbits': 8, 'channel_wise': True, 'group_size': 128, 'optimize': False}, 'zero_quant_params': None, 'offload_meta': False, 'mixed': False, 'budget': 4.0}",7.469387531280518,0,0,0,0,0,0,0,0,0,0,0
Qwen3.5-2B,hqq,b8g64,"{'weight_quant_params': {'nbits': 8, 'channel_wise': True, 'group_size': 64, 'optimize': True, 'round_zero': False, 'axis': 1, 'view_as_float': False}, 'scale_quant_params': {'nbits': 8, 'channel_wise': True, 'group_size': 128, 'optimize': False}, 'zero_quant_params': None, 'offload_meta': False, 'mixed': False, 'budget': 4.0}",2.833146333694458,0,0,0,0,0,0,0,0,0,0,0
Qwen3.5-9B,hqq,b2g16,"{'weight_quant_params': {'nbits': 2, 'channel_wise': True, 'group_size': 16, 'optimize': True, 'round_zero': False, 'axis': 1, 'view_as_float': False}, 'scale_quant_params': {'nbits': 8, 'channel_wise': True, 'group_size': 128, 'optimize': False}, 'zero_quant_params': None, 'offload_meta': False, 'mixed': False, 'budget': 4.0}",18.145265102386475,0,0,0,0,0,0,0,0,0,0,0
Qwen3.5-4B,hqq,b4g64,"{'weight_quant_params': {'nbits': 4, 'channel_wise': True, 'group_size': 64, 'optimize': True, 'round_zero': True, 'axis': 1, 'view_as_float': False}, 'scale_quant_params': {'nbits': 8, 'channel_wise': True, 'group_size': 128, 'optimize': False}, 'zero_quant_params': None, 'offload_meta': False, 'mixed': False, 'budget': 4.0}",9.583334922790527,0,0,0,0,0,0,0,0,0,0,0
Qwen3.5-9B,hqq,b4g32,"{'weight_quant_params': {'nbits': 4, 'channel_wise': True, 'group_size': 32, 'optimize': True, 'round_zero': True, 'axis': 1, 'view_as_float': False}, 'scale_quant_params': {'nbits': 8, 'channel_wise': True, 'group_size': 128, 'optimize': False}, 'zero_quant_params': None, 'offload_meta': False, 'mixed': False, 'budget': 4.0}",18.97926139831543,0,0,0,0,0,0,0,0,0,0,0
Qwen3.5-2B,hqq,b3g128,"{'weight_quant_params': {'nbits': 3, 'channel_wise': True, 'group_size': 128, 'optimize': True, 'round_zero': False, 'axis': 1, 'view_as_float': False}, 'scale_quant_params': {'nbits': 8, 'channel_wise': True, 'group_size': 128, 'optimize': False}, 'zero_quant_params': None, 'offload_meta': False, 'mixed': False, 'budget': 4.0}",3.156493186950684,0,0,0,0,0,0,0,0,0,0,0
Qwen3.5-4B,hqq,b2g32,"{'weight_quant_params': {'nbits': 2, 'channel_wise': True, 'group_size': 32, 'optimize': True, 'round_zero': False, 'axis': 1, 'view_as_float': False}, 'scale_quant_params': {'nbits': 8, 'channel_wise': True, 'group_size': 128, 'optimize': False}, 'zero_quant_params': None, 'offload_meta': False, 'mixed': False, 'budget': 4.0}",8.18926453590393,0,0,0,0,0,0,0,0,0,0,0
Qwen3.5-9B,hqq,b2g32,"{'weight_quant_params': {'nbits': 2, 'channel_wise': True, 'group_size': 32, 'optimize': True, 'round_zero': False, 'axis': 1, 'view_as_float': False}, 'scale_quant_params': {'nbits': 8, 'channel_wise': True, 'group_size': 128, 'optimize': False}, 'zero_quant_params': None, 'offload_meta': False, 'mixed': False, 'budget': 4.0}",18.458730459213257,0,0,0,0,0,0,0,0,0,0,0
Qwen3.5-9B,hqq,b8g128,"{'weight_quant_params': {'nbits': 8, 'channel_wise': True, 'group_size': 128, 'optimize': True, 'round_zero': False, 'axis': 1, 'view_as_float': False}, 'scale_quant_params': {'nbits': 8, 'channel_wise': True, 'group_size': 128, 'optimize': False}, 'zero_quant_params': None, 'offload_meta': False, 'mixed': False, 'budget': 4.0}",15.849071979522703,0,0,0,0,0,0,0,0,0,0,0
Qwen3.5-2B,hqq,b3g32,"{'weight_quant_params': {'nbits': 3, 'channel_wise': True, 'group_size': 32, 'optimize': True, 'round_zero': False, 'axis': 1, 'view_as_float': False}, 'scale_quant_params': {'nbits': 8, 'channel_wise': True, 'group_size': 128, 'optimize': False}, 'zero_quant_params': None, 'offload_meta': False, 'mixed': False, 'budget': 4.0}",3.248537540435791,0,0,0,0,0,0,0,0,0,0,0
Qwen3.5-4B,hqq,b4g32,"{'weight_quant_params': {'nbits': 4, 'channel_wise': True, 'group_size': 32, 'optimize': True, 'round_zero': True, 'axis': 1, 'view_as_float': False}, 'scale_quant_params': {'nbits': 8, 'channel_wise': True, 'group_size': 128, 'optimize': False}, 'zero_quant_params': None, 'offload_meta': False, 'mixed': False, 'budget': 4.0}",8.857075691223145,0,0,0,0,0,0,0,0,0,0,0
Qwen3.5-4B,hqq,b2g16,"{'weight_quant_params': {'nbits': 2, 'channel_wise': True, 'group_size': 16, 'optimize': True, 'round_zero': False, 'axis': 1, 'view_as_float': False}, 'scale_quant_params': {'nbits': 8, 'channel_wise': True, 'group_size': 128, 'optimize': False}, 'zero_quant_params': None, 'offload_meta': False, 'mixed': False, 'budget': 4.0}",8.676561832427979,0,0,0,0,0,0,0,0,0,0,0
